x,y
1,
2,
3,
4,
5,
6,
7,
8,
9,
10,
11,
12,
13,
14,
15,
16,
17,
18,
19,
20,
21,
22,
23,
24,
25,
26,
27,
28,
29,
30,
31,
32,
33,
34,
35,
36,
37,
38,
39,
40,
41,
42,
43,
44,
45,
46,
47,
48,
49,
50,
51,
52,
53,
54,
55,
56,
57,
58,
59,
60,
61,
62,
63,
64,
65,
66,
67,
68,
69,
70,
71,
72,
73,
74,
75,
76,
77,
78,
79,
80,
81,
82,
83,
84,
85,
86,
87,
88,
89,
90,
91,
92,
93,
94,
95,
96,
97,
98,
99,
100,
101,
102,
103,
104,
105,
106,
107,
108,
109,
110,
111,
112,
113,
114,
115,
116,
117,
118,
119,
120,
121,
122,
123,
124,
125,
126,
127,
128,
129,
130,
131,
132,
133,
134,
135,
136,
137,
138,
139,
140,
141,
142,
143,
144,
145,
146,
147,
148,
149,
150,
151,
152,
153,
154,
155,
156,
157,
158,
159,
160,
161,
162,
163,
164,
165,
166,
167,
168,
169,
170,
171,
172,
173,
174,
175,
176,
177,
178,
179,
180,
181,
182,
183,
184,
185,
186,
187,
188,
189,
190,
191,
192,
193,
194,
195,
196,
197,
198,
199,
200,
201,
202,
203,
204,
205,
206,
207,
208,
209,
210,
211,
212,
213,
214,
215,
216,
217,
218,
219,
220,
221,
222,
223,
224,
225,
226,
227,
228,
229,
230,
231,
232,
233,
234,
235,
236,
237,
238,
239,
240,
241,
242,
243,
244,
245,
246,
247,
248,
249,
250,
251,
252,
253,
254,
255,
256,
257,
258,
259,
260,
261,
262,
263,
264,
265,
266,
267,
268,
269,
270,
271,
272,
273,
274,
275,
276,
277,
278,
279,
280,
281,
282,
283,
284,
285,
286,
287,
288,
289,
290,
291,
292,
293,
294,
295,
296,
297,
298,
299,
300,
301,
302,
303,
304,
305,
306,
307,
308,
309,
310,
311,
312,
313,
314,
315,
316,
317,
318,
319,
320,
321,
322,
323,
324,
325,
326,
327,
328,
329,
330,
331,
332,
333,
334,
335,
336,
337,
338,
339,
340,
341,
342,
343,
344,
345,
346,
347,
348,
349,
350,
351,
352,
353,
354,
355,
356,
357,
358,
359,
360,
361,
362,
363,
364,
365,
366,
367,
368,
369,
370,
371,
372,
373,
374,
375,
376,
377,
378,
379,
380,
381,
382,
383,
384,
385,
386,
387,
388,
389,
390,
391,
392,
393,
394,
395,
396,
397,
398,
399,
400,
401,
402,
403,
404,
405,
406,
407,
408,
409,
410,
411,
412,
413,
414,
415,
416,
417,
418,
419,
420,
421,
422,
423,
424,
425,
426,
427,
428,
429,
430,
431,
432,
433,
434,
435,
436,
437,
438,
439,
440,
441,
442,
443,
444,
445,
446,
447,
448,
449,
450,
451,
452,
453,
454,
455,
456,
457,
458,
459,
460,
461,
462,
463,
464,
465,
466,
467,
468,
469,
470,
471,
472,
473,
474,
475,
476,
477,
478,
479,
480,
481,
482,
483,
484,
485,
486,
487,
488,
489,
490,
491,
492,
493,
494,
495,
496,
497,
498,
499,
500,
501,
502,
503,
504,
505,
506,
507,
508,
509,
510,
511,
512,
513,
514,
515,
516,
517,
518,
519,
520,
521,
522,
523,
524,
525,
526,
527,
528,
529,
530,
531,
532,
533,
534,
535,
536,
537,
538,
539,
540,
541,
542,
543,
544,
545,
546,
547,
548,
549,
550,
551,
552,
553,
554,
555,
556,
557,
558,
559,
560,
561,
562,
563,
564,
565,
566,
567,
568,
569,
570,
571,
572,
573,
574,
575,
576,
577,
578,
579,
580,
581,
582,
583,
584,
585,
586,
587,
588,
589,
590,
591,
592,
593,
594,
595,
596,
597,
598,
599,
600,
601,
602,
603,
604,
605,
606,
607,
608,
609,
610,
611,
612,
613,
614,
615,
616,
617,
618,
619,
620,
621,
622,
623,
624,
625,
626,
627,
628,
629,
630,
631,
632,
633,
634,
635,
636,
637,
638,
639,
640,
641,
642,
643,
644,
645,
646,
647,
648,
649,
650,
651,
652,
653,
654,
655,
656,
657,
658,
659,
660,
661,
662,
663,
664,
665,
666,
667,
668,
669,
670,
671,
672,
673,
674,
675,
676,
677,
678,
679,
680,
681,
682,
683,
684,
685,
686,
687,
688,
689,
690,
691,
692,
693,
694,
695,
696,
697,
698,
699,
700,
701,
702,
703,
704,
705,
706,
707,
708,
709,
710,
711,
712,
713,
714,
715,
716,
717,
718,
719,
720,
721,
722,
723,
724,
725,
726,
727,
728,
729,
730,
731,
732,
733,
734,
735,
736,
737,
738,
739,
740,
741,
742,
743,
744,
745,
746,
747,
748,
749,
750,
751,
752,
753,
754,
755,
756,
757,
758,
759,
760,
761,
762,
763,
764,
765,
766,
767,
768,
769,
770,
771,
772,
773,
774,
775,
776,
777,
778,
779,
780,
781,
782,
783,
784,
785,
786,
787,
788,
789,
790,
791,
792,
793,
794,
795,
796,
797,
798,
799,
800,
801,
802,
803,
804,
805,
806,
807,
808,
809,
810,
811,
812,
813,
814,
815,
816,
817,
818,
819,
820,
821,
822,
823,
824,
825,
826,
827,
828,
829,
830,
831,
832,
833,
834,
835,
836,
837,
838,
839,
840,
841,
842,
843,
844,
845,
846,
847,
848,
849,
850,
851,
852,
853,
854,
855,
856,
857,
858,
859,
860,
861,
862,
863,
864,
865,
866,
867,
868,
869,
870,
871,
872,
873,
874,
875,
876,
877,
878,
879,
880,
881,
882,
883,
884,
885,
886,
887,
888,
889,
890,
891,
892,
893,
894,
895,
896,
897,
898,
899,
900,
901,
902,
903,
904,
905,
906,
907,
908,
909,
910,
911,
912,
913,
914,
915,
916,
917,
918,
919,
920,
921,
922,
923,
924,
925,
926,
927,
928,
929,
930,
931,
932,
933,
934,
935,
936,
937,
938,
939,
940,
941,
942,
943,
944,
945,
946,
947,
948,
949,
950,
951,
952,
953,
954,
955,
956,
957,
958,
959,
960,
961,
962,
963,
964,
965,
966,
967,
968,
969,
970,
971,
972,
973,
974,
975,
976,
977,
978,
979,
980,
981,
982,
983,
984,
985,
986,
987,
988,
989,
990,
991,
992,
993,
994,
995,
996,
997,
998,
999,
1000,
1001,
1002,
1003,
1004,
1005,
1006,
1007,
1008,
1009,
1010,
1011,
1012,
1013,
1014,
1015,
1016,
1017,
1018,
1019,
1020,
1021,
1022,
1023,
1024,
1025,
1026,
1027,
1028,
1029,
1030,
1031,
1032,
1033,
1034,
1035,
1036,
1037,
1038,
1039,
1040,
1041,
1042,
1043,
1044,
1045,
1046,
1047,
1048,
1049,
1050,
1051,
1052,
1053,
1054,
1055,
1056,
1057,
1058,
1059,
1060,700
1061,509
1062,177
1063,243
1064,328
1065,507
1066,7
1067,500
1068,378
1069,343
1070,511
1071,690
1072,376
1073,852
1074,595
1075,5
1076,937
1077,628
1078,651
1079,273
1080,74
1081,85
1082,696
1083,135
1084,315
1085,645
1086,673
1087,999
1088,485
1089,712
1090,359
1091,87
1092,591
1093,759
1094,878
1095,893
1096,386
1097,680
1098,748
1099,823
1100,739
1101,401
1102,496
1103,355
1104,800
1105,999
1106,216
1107,87
1108,977
1109,41
1110,420
1111,785
1112,521
1113,934
1114,846
1115,789
1116,788
1117,204
1118,718
1119,889
1120,264
1121,285
1122,667
1123,106
1124,570
1125,428
1126,340
1127,468
1128,463
1129,418
1130,19
1131,241
1132,639
1133,819
1134,240
1135,866
1136,803
1137,313
1138,643
1139,646
1140,233
1141,16
1142,782
1143,163
1144,851
1145,392
1146,783
1147,278
1148,963
1149,478
1150,250
1151,9
1152,322
1153,461
1154,411
1155,116
1156,32
1157,389
1158,929
1159,270
1160,190
1161,340
1162,544
1163,67
1164,467
1165,610
1166,988
1167,924
1168,778
1169,394
1170,332
1171,163
1172,286
1173,45
1174,474
1175,796
1176,972
1177,386
1178,582
1179,649
1180,423
1181,583
1182,905
1183,340
1184,619
1185,423
1186,695
1187,299
1188,586
1189,164
1190,872
1191,172
1192,101
1193,790
1194,637
1195,995
1196,851
1197,366
1198,902
1199,391
1200,476
1201,151
1202,11
1203,990
1204,797
1205,873
1206,499
1207,448
1208,913
1209,111
1210,502
1211,785
1212,922
1213,830
1214,737
1215,714
1216,275
1217,34
1218,857
1219,881
1220,118
1221,122
1222,81
1223,337
1224,68
1225,190
1226,673
1227,54
1228,476
1229,729
1230,326
1231,245
1232,2
1233,55
1234,175
1235,577
1236,199
1237,654
1238,720
1239,422
1240,890
1241,45
1242,909
1243,534
1244,930
1245,71
1246,238
1247,832
1248,32
1249,191
1250,897
1251,418
1252,543
1253,840
1254,182
1255,629
1256,476
1257,890
1258,285
1259,838
1260,313
1261,440
1262,662
1263,52
1264,518
1265,578
1266,911
1267,215
1268,874
1269,604
1270,788
1271,363
1272,968
1273,224
1274,361
1275,162
1276,756
1277,871
1278,609
1279,944
1280,518
1281,903
1282,785
1283,92
1284,915
1285,983
1286,647
1287,940
1288,268
1289,505
1290,797
1291,854
1292,926
1293,491
1294,421
1295,412
1296,645
1297,612
1298,414
1299,479
1300,283
1301,50
1302,803
1303,789
1304,57
1305,992
1306,989
1307,915
1308,91
1309,578
1310,399
1311,168
1312,809
1313,799
1314,861
1315,798
1316,119
1317,934
1318,914
1319,652
1320,245
1321,934
1322,335
1323,69
1324,514
1325,974
1326,27
1327,698
1328,155
1329,643
1330,754
1331,851
1332,290
1333,486
1334,702
1335,533
1336,641
1337,427
1338,782
1339,436
1340,874
1341,756
1342,375
1343,857
1344,959
1345,230
1346,759
1347,717
1348,865
1349,663
1350,710
1351,234
1352,238
1353,710
1354,578
1355,882
1356,875
