artist,year,words,syllables,sentiment,ttr
Adele,2008,931,221,3.3,0.5
Adele,2008,1907,465,7.4,0.353658537
Adele,2008,1367,355,0.3,0.289655172
Adele,2008,1310,324,0.05,0.321678322
Adele,2008,879,224,0,0.586956522
Adele,2008,1162,298,0.6,0.413385827
Adele,2008,801,193,-2.1,0.554216867
Adele,2008,1765,434,-4.6,0.321989529
Adele,2008,873,212,0.05,0.494680851
Adele,2008,1320,349,0.8,0.323741007
Adele,2008,1126,275,-1.6,0.433628319
Adele,2008,1127,291,1.25,0.386266094
Adele,2008,1092,277,2.35,0.367768595
Adele,2008,998,233,-3.1,0.363636364
Adele,2008,828,204,-1.35,0.458064516
Adele,2008,1458,358,-1.7,0.278317152
Adele,2011,2700,663,-1.75,0.228723404
Adele,2011,1197,288,0.2,0.408730159
Adele,2011,1184,298,-3.3,0.346613546
Adele,2011,1043,277,2.1,0.438679245
Adele,2011,1610,381,-1.7,0.349112426
Adele,2011,1960,497,-4.6,0.324503311
Adele,2011,1114,285,1.35,0.37704918
Adele,2011,1720,446,5.75,0.268698061
Adele,2011,1799,462,4.7,0.265463918
Adele,2011,917,251,2.55,0.180851064
Adele,2011,1676,407,0.9,0.36119403
Adele,2011,1181,288,-2.3,0.454545455
Adele,2011,1312,324,1.25,0.298507463
Adele,2011,1325,335,-1.3,0.382352941
Adele,2011,977,256,-0.95,0.356481481
Adele,2015,1693,434,2.6,0.35
Adele,2015,1835,474,6.15,0.21039604
Adele,2015,1435,362,0.9,0.33442623
Adele,2015,1682,419,0.55,0.318681319
Adele,2015,1181,292,0.65,0.319066148
Adele,2015,1869,469,-0.8,0.212195122
Adele,2015,1778,475,-1.25,0.28680203
Adele,2015,1345,343,-4.05,0.465384615
Adele,2015,1294,330,2,0.387543253
Adele,2015,1272,329,-0.8,0.384615385
Adele,2015,1283,339,4.25,0.421686747
Adele,2015,1192,311,0.5,0.347826087
Adele,2015,1313,325,1.15,0.233898305
Adele,2015,1839,481,0.1,0.241860465
Beyonce,2003,3761,978,8.25,0.266503667
Beyonce,2003,1510,410,-0.55,0.248466258
Beyonce,2003,2443,NA,6.8,0.332061069
Beyonce,2003,2091,536,-3.5,0.442477876
Beyonce,2003,1589,410,3.65,0.311614731
Beyonce,2003,1934,487,-2.85,0.331018519
Beyonce,2003,1759,463,4.15,0.350383632
Beyonce,2003,2145,643,2.9,0.3150358
Beyonce,2003,1197,283,2.25,0.339694656
Beyonce,2003,2185,528,9.85,0.332669323
Beyonce,2003,818,206,4.05,0.528735632
Beyonce,2003,2262,590,6.6,0.260245902
Beyonce,2003,206,54,1.75,0.837837838
Beyonce,2003,961,252,3.9,0.487804878
Beyonce,2003,2159,562,4.05,0.480812641
Beyonce,2003,1326,347,4.4,0.411764706
Beyonce,2003,2069,556,7.7,0.373239437
Beyonce,2003,2899,728,0.55,0.456483126
Beyonce,2003,2080,544,6.75,0.337182448
Beyonce,2003,1858,515,5.95,0.277044855
Beyonce,2003,363,104,1,0.486842105
Beyonce,2003,2755,653,9.6,0.264184397
Beyonce,2003,1769,430,1.3,0.30994152
Beyonce,2003,2199,535,10.1,0.447963801
Beyonce,2006,2825,757,1.55,0.342013889
Beyonce,2006,1899,496,-0.55,0.416666667
Beyonce,2006,1402,379,5.6,0.437288136
Beyonce,2006,3860,983,12.15,0.368489583
Beyonce,2006,1673,427,-4.2,0.43767313
Beyonce,2006,2862,764,-0.75,0.244663383
Beyonce,2006,2428,601,4,0.290874525
Beyonce,2006,2592,688,0.85,0.199680511
Beyonce,2006,2437,647,2.15,0.270114943
Beyonce,2006,1794,453,0.55,0.390180879
Beyonce,2006,1792,463,2.95,0.184491979
Beyonce,2006,2370,593,3.9,0.298892989
Beyonce,2006,3438,840,-6.05,0.210174029
Beyonce,2006,551,142,5.05,0.646017699
Beyonce,2006,1403,353,-1.55,0.336666667
Beyonce,2006,4452,1111,2.2,0.239344262
Beyonce,2007,1678,442,1.7,0.378125
Beyonce,2006,2437,647,2.15,0.270114943
Beyonce,2006,2592,688,0.85,0.199680511
Beyonce,2006,2862,764,-0.75,0.244663383
Beyonce,2007,2097,565,-0.6,0.31002331
Beyonce,2006,3860,983,12.15,0.368489583
Beyonce,2007,785,204,-0.55,0.461538462
Beyonce,2007,1709,441,11.1,0.28150134
Beyonce,2007,1055,278,5.95,0.426605505
Beyonce,2006,1899,496,-0.55,0.416666667
Beyonce,2006,2428,601,4,0.290874525
Beyonce,2006,1402,379,5.6,0.437288136
Beyonce,2006,2825,757,1.55,0.342013889
Beyonce,2006,1673,427,-4.2,0.43767313
Beyonce,2006,1794,453,0.55,0.390180879
Beyonce,2006,1403,353,-1.55,0.336666667
Beyonce,2007,2236,535,3.55,0.283870968
Beyonce,2007,1582,458,-1,0.305031447
Beyonce,2007,914,266,-1.55,0.406862745
Beyonce,2007,2025,614,-0.45,0.248394004
Beyonce,2007,1248,384,-1.25,0.3828125
Beyonce,2007,1589,418,2.45,0.393442623
Beyonce,2007,1397,400,-2.05,0.478405316
Beyonce,2007,1958,607,0.35,0.283105023
Beyonce,2008,1496,376,0.55,0.362537764
Beyonce,2008,2062,591,-1.5,0.249427918
Beyonce,2008,1329,346,2,0.336996337
Beyonce,2008,2191,565,-1.2,0.270212766
Beyonce,2008,778,201,0,0.575
Beyonce,2008,973,246,2.25,0.266055046
Beyonce,2008,665,168,5.15,0.572580645
Beyonce,2008,922,226,2,0.38121547
Beyonce,2008,808,205,-0.2,0.62962963
Beyonce,2008,1023,302,-0.5,0.530516432
Beyonce,2008,1671,447,3.2,0.355614973
Beyonce,2008,2326,647,-0.6,0.216363636
Beyonce,2008,2427,734,1.4,0.25483304
Beyonce,2008,2052,507,6.9,0.279620853
Beyonce,2008,2721,727,8.4,0.278911565
Beyonce,2008,1739,471,5.35,0.308290155
Beyonce,2008,1979,506,8.55,0.306843267
Beyonce,2008,1600,409,-5.75,0.28
Beyonce,2008,1543,401,5.3,0.315186246
Beyonce,2009,3163,863,8.4,0.244541485
Beyonce,2009,2543,630,-2.95,0.26848249
Beyonce,2009,865,217,3.55,0.588235294
Beyonce,2011,1123,287,0.1,0.343396226
Beyonce,2011,1205,315,-1.95,0.28125
Beyonce,2011,987,262,1.35,0.297674419
Beyonce,2011,2250,570,1.55,0.229979466
Beyonce,2011,2158,539,-0.45,0.424036281
Beyonce,2011,1272,318,-0.5,0.338289963
Beyonce,2011,1306,316,-3.65,0.366037736
Beyonce,2011,2510,654,4.4,0.189090909
Beyonce,2011,2802,698,2.05,0.261904762
Beyonce,2011,2013,517,6.15,0.235294118
Beyonce,2011,1375,350,0.3,0.258278146
Beyonce,2011,1904,454,3.2,0.373762376
Beyonce,2011,2303,613,6.75,0.215116279
Beyonce,2011,2244,570,6.35,0.296536797
Beyonce,2011,2484,611,0.1,0.334637965
Beyonce,2011,3515,922,7.8,0.238926174
Beyonce,2013,2310,565,-0.85,0.35
Beyonce,2013,2660,671,1.25,0.271375465
Beyonce,2013,2678,661,-4.15,0.435606061
Beyonce,2013,1888,482,1.25,0.392405063
Beyonce,2013,1317,338,-1.55,0.388679245
Beyonce,2013,2782,710,-1.4,0.45045045
Beyonce,2013,1293,325,-0.25,0.540229885
Beyonce,2013,2968,748,6.3,0.342062193
Beyonce,2013,4054,987,-2.25,0.222877358
Beyonce,2013,1782,440,0.7,0.248554913
Beyonce,2013,2923,730,9.55,0.367941712
Beyonce,2013,1806,440,1.4,0.354107649
Beyonce,2013,681,175,2.05,0.611940299
Beyonce,2013,772,NA,1.35,0.467065868
Beyonce,2013,2654,657,-0.3,0.170774648
Beyonce,2013,2860,736,-2.95,0.432675045
Beyonce,2013,3871,972,-4.45,0.433673469
Bieber,2009,2123,529,-1.25,0.210191083
Bieber,2009,1996,537,7.8,0.286407767
Bieber,2009,1382,347,-1.55,0.341137124
Bieber,2009,2278,582,4.45,0.241970021
Bieber,2009,2871,713,2,0.231155779
Bieber,2009,2286,572,10.35,0.346320346
Bieber,2009,1840,468,3.15,0.219858156
Bieber,2009,1199,304,-2.4,0.468
Bieber,2009,3013,NA,-0.15,0.232744783
Bieber,2010,1954,517,1.7,0.335784314
Bieber,2010,1967,536,6.4,0.260340633
Bieber,2010,2014,519,-0.75,0.305687204
Bieber,2010,1103,275,1.1,0.414225941
Bieber,2010,1446,375,0.35,0.326984127
Bieber,2010,1806,461,5.6,0.340050378
Bieber,2010,1586,415,3.85,0.317919075
Bieber,2010,1499,388,5.1,0.26911315
Bieber,2010,1861,441,-0.5,0.276649746
Bieber,2010,2640,662,1.1,0.261261261
Bieber,2010,886,215,1.7,0.344660194
Bieber,2011,2501,664,1.5,0.291353383
Bieber,2011,1813,428,0.35,0.275324675
Bieber,2011,1990,545,6.4,0.266990291
Bieber,2011,1494,383,4.6,0.292682927
Bieber,2011,1607,416,3.6,0.311614731
Bieber,2011,3059,784,0.3,0.469673406
Bieber,2011,1167,304,-0.15,0.305343511
Bieber,2011,1647,422,5.5,0.246246246
Bieber,2011,1696,434,6.7,0.297058824
Bieber,2011,853,220,3.05,0.655844156
Bieber,2011,1621,403,0.9,0.195718654
Bieber,2011,1612,429,5.45,0.237837838
Bieber,2011,1551,404,7.95,0.401993355
Bieber,2011,2785,742,6.75,0.372909699
Bieber,2011,1741,464,4.05,0.349862259
Bieber,2011,1627,413,0.35,0.249283668
Bieber,2011,1527,366,1.5,0.314754098
Bieber,2011,328,82,10.2,0.661290323
Bieber,2011,1818,458,9.1,0.291208791
Bieber,2011,1608,425,5.2,0.240437158
Bieber,2011,1315,331,1.6,0.318493151
Bieber,2011,1163,277,6,0.39380531
Bieber,2012,2164,531,6,0.28708134
Bieber,2012,1917,508,2.95,0.301703163
Bieber,2012,2529,688,1.15,0.320939335
Bieber,2012,1837,500,2.3,0.21039604
Bieber,2012,1871,456,6.35,0.280612245
Bieber,2012,1911,529,3.25,0.357923497
Bieber,2012,2288,551,1.5,0.291497976
Bieber,2012,1728,425,1.95,0.311170213
Bieber,2012,2015,472,0.6,0.196261682
Bieber,2012,1541,401,2.3,0.373831776
Bieber,2012,1648,446,1.2,0.212365591
Bieber,2012,1273,297,0.55,0.395652174
Bieber,2012,1499,356,-0.45,0.227586207
Bieber,2012,2060,501,3.25,0.181222707
Bieber,2012,1508,348,2.8,0.295031056
Bieber,2012,2601,654,1.1,0.28
Bieber,2012,703,185,-1,0.403726708
Bieber,2012,822,195,3.6,0.536585366
Bieber,2012,2192,559,6.45,0.235867446
Bieber,2012,2022,509,8.85,0.362980769
Bieber,2013,1733,450,2.7,0.315789474
Bieber,2013,2136,581,-0.35,0.347926267
Bieber,2013,844,220,1.85,0.366120219
Bieber,2013,1405,323,3.55,0.316498316
Bieber,2013,1407,386,3.1,0.268608414
Bieber,2013,1335,306,0.8,0.380165289
Bieber,2013,1270,296,2,0.2
Bieber,2013,1803,437,1.5,0.364583333
Bieber,2013,1668,441,1.35,0.228021978
Bieber,2013,1597,425,4.35,0.28021978
Bieber,2013,1121,277,1.55,0.40625
Bieber,2013,2301,589,3.55,0.27628866
Bieber,2013,1146,287,4.35,0.497890295
Bieber,2013,2019,470,2.5,0.25267666
Bieber,2013,1910,463,2.1,0.329787234
Bieber,2013,737,191,-0.95,0.432926829
Bieber,2013,1168,300,-5.5,0.371541502
Bieber,2013,2591,657,5.2,0.243386243
Bieber,2013,1342,352,0,0.322580645
Bieber,2013,798,202,4.15,0.412790698
Bieber,2013,2727,709,5.95,0.322580645
Bieber,2013,2077,543,7.4,0.265033408
Bieber,2013,2196,550,-2.15,0.343529412
Bieber,2013,2418,634,1.65,0.221991701
Bieber,2013,2040,532,0.45,0.283813747
Bieber,2013,2682,679,4.1,0.296928328
Bieber,2015,598,155,-1,0.481203008
Bieber,2015,1187,287,1.4,0.311740891
Bieber,2015,2040,493,3.45,0.211581292
Bieber,2015,1448,386,0.2,0.317073171
Bieber,2015,2084,524,0.55,0.258928571
Bieber,2015,1124,318,0.85,0.352422907
Bieber,2015,2842,706,2.2,0.310517529
Bieber,2015,2271,581,0.85,0.30785124
Bieber,2015,1704,453,-0.7,0.255617978
Bieber,2015,1778,463,1.55,0.45505618
Bieber,2015,1134,287,1.15,0.184100418
Bieber,2015,1627,408,6.4,0.437125749
Bieber,2015,1370,342,-0.45,0.265100671
Bieber,2015,1910,493,6.65,0.303317536
Bieber,2015,2201,560,5.95,0.35371179
Bieber,2015,1814,455,7.35,0.303664921
Bieber,2015,1986,530,3,0.323741007
Bieber,2015,1938,473,3.45,0.225352113
Bieber,2015,1651,419,-0.8,0.245901639
Bieber,2015,1100,263,-2,0.323770492
Bieber,2015,1273,317,4.6,0.315217391
Drake,2006,907,230,3.5,0.524861878
Drake,2006,4741,1215,11.55,0.321499014
Drake,2006,2561,639,2,0.511494253
Drake,2006,1656,397,3.25,0.5
Drake,2006,3455,868,5.55,0.41966759
Drake,2006,3087,793,3.2,0.3953125
Drake,2006,2274,567,-0.35,0.450549451
Drake,2006,2942,742,0.35,0.443877551
Drake,2006,2764,690,7.15,0.426199262
Drake,2006,3880,1002,9.7,0.43622449
Drake,2006,5196,1291,4.85,0.446932814
Drake,2006,2502,640,8.65,0.420841683
Drake,2006,2974,742,0,0.355305466
Drake,2006,2534,642,11.4,0.360531309
Drake,2006,3326,874,0.6,0.515837104
Drake,2006,4316,1101,6.6,0.356580427
Drake,2006,2066,523,0.7,0.501234568
Drake,2006,4026,987,-0.7,0.397040691
Drake,2007,2739,689,9.95,0.511796733
Drake,2007,2052,537,-1.15,0.565947242
Drake,2007,4048,1047,11.05,0.493857494
Drake,2007,2722,685,4.15,0.482882883
Drake,2006,3087,793,3.2,0.3953125
Drake,2007,3147,793,-0.95,0.531152648
Drake,2007,2236,589,8.2,0.571106095
Drake,2007,1454,362,2.45,0.532679739
Drake,2007,553,150,2.95,0.675925926
Drake,2007,3046,800,-0.3,0.458990536
Drake,2007,2583,662,2.05,0.447761194
Drake,2007,1272,330,-3,0.531135531
Drake,2007,1846,478,1.75,0.603399433
Drake,2007,493,119,3.35,0.742574257
Drake,2007,1690,435,0.6,0.63963964
Drake,2007,3527,913,-1.95,0.311231394
Drake,2007,1128,293,2.45,0.60251046
Drake,2007,1173,313,1.6,0.528688525
Drake,2007,2529,665,3.25,0.487084871
Drake,2007,3448,867,-2.7,0.468299712
Drake,2007,2351,583,1.35,0.416666667
Drake,2007,3159,808,0.45,0.292397661
Drake,2007,4260,1083,2.3,0.379587156
Drake,2009,1232,308,3.9,0.536764706
Drake,2009,2279,595,0.85,0.401913876
Drake,2009,3796,992,-1.25,0.406524467
Drake,2009,1490,371,3.8,0.405144695
Drake,2009,1683,435,-5.75,0.544927536
Drake,2009,4111,1057,-5.85,0.507177033
Drake,2009,1448,380,3.4,0.332298137
Drake,2009,3371,857,-10.3,0.466666667
Drake,2009,2013,529,-0.7,0.37752809
Drake,2009,2909,756,5.35,0.381410256
Drake,2009,1784,471,2.65,0.527777778
Drake,2009,3668,937,-0.85,0.41025641
Drake,2009,1822,469,7.8,0.385204082
Drake,2009,798,214,0.5,0.393258427
Drake,2009,2869,736,-0.65,0.495769882
Drake,2009,1117,283,-0.8,0.587443946
Drake,2009,2953,763,1.75,0.496688742
Drake,2009,2279,595,0.85,0.401913876
Drake,2009,3796,992,-1.25,0.406524467
Drake,2009,2909,756,5.35,0.381410256
Drake,2009,3668,937,-0.85,0.41025641
Drake,2009,2350,611,-5.25,0.472837022
Drake,2009,2869,736,-0.65,0.495769882
Drake,2009,3374,855,-0.5,0.416184971
Drake,2010,2836,716,8.95,0.483304042
Drake,2010,1505,385,-1.7,0.506451613
Drake,2010,3102,776,0.65,0.440124417
Drake,2010,2021,515,0.35,0.532846715
Drake,2010,1792,446,-2.1,0.497340426
Drake,2010,2169,555,-2,0.509933775
Drake,2010,3963,1017,5.65,0.385390428
Drake,2010,3584,NA,3.35,0.325706595
Drake,2010,2424,614,0.4,0.489065606
Drake,2010,3390,835,2.2,0.473451327
Drake,2010,4066,1043,-4.75,0.389400922
Drake,2010,559,151,1.8,0.7
Drake,2010,1074,275,1.15,0.362445415
Drake,2010,3674,925,8.8,0.431906615
Drake,2010,967,233,1.1,0.47029703
Drake,2010,2484,639,2.3,0.369942197
Drake,2010,2888,720,-2.8,0.512820513
Drake,2010,2206,578,0.3,0.458422175
Drake,2010,2330,596,4.05,0.4958159
Drake,2010,3380,865,1.5,0.444130127
Drake,2010,991,250,1.3,0.25210084
Drake,2010,3765,927,2.35,0.369949495
Drake,2010,2447,607,-0.6,0.43960396
Drake,2010,2828,713,10.7,0.463373083
Drake,2010,2471,651,1.15,0.464705882
Drake,2010,1227,329,4.7,0.659836066
Drake,2011,2860,NA,-1,0.432343234
Drake,2011,1886,NA,-0.55,0.427536232
Drake,2011,2409,603,1.45,0.373225152
Drake,2011,1908,467,-0.05,0.442159383
Drake,2011,2216,NA,0.3,0.36965812
Drake,2011,2870,NA,3.2,0.354267311
Drake,2011,1948,520,-4.5,0.562189055
Drake,2011,3136,804,6.1,0.376722818
Drake,2011,2936,731,0.4,0.380487805
Drake,2011,3048,793,3.5,0.364885496
Drake,2011,3854,977,3.95,0.467866324
Drake,2011,2404,621,7.9,0.280769231
Drake,2011,1192,288,1.95,0.442231076
Drake,2011,1653,421,-0.85,0.247282609
Drake,2011,2969,726,4.55,0.447368421
Drake,2011,2980,747,-3.25,0.381342062
Drake,2011,3291,NA,-2.85,0.402315485
Drake,2011,2738,672,0.45,0.26984127
Drake,2011,3484,850,-0.3,0.448275862
Drake,2011,2194,546,-1.55,0.384158416
Drake,2011,2759,707,0.35,0.406196213
Drake,2013,3473,879,1,0.491947291
Drake,2013,2461,622,-5,0.445360825
Drake,2013,2421,599,0.45,0.290948276
Drake,2013,2532,647,2.05,0.3515625
Drake,2013,2060,493,0.4,0.356807512
Drake,2013,2555,661,-5.85,0.452868852
Drake,2013,3084,NA,0.25,0.473684211
Drake,2013,1528,388,1.25,0.185303514
Drake,2013,2111,546,2.1,0.506082725
Drake,2013,3128,797,-0.45,0.352664577
Drake,2013,2607,701,0.6,0.273927393
Drake,2013,2986,714,1.55,0.392282958
Drake,2013,4641,1167,6.45,0.465517241
Drake,2013,2172,525,-0.55,0.366013072
Drake,2013,4335,1082,4.2,0.405649718
Drake,2013,1498,367,-0.05,0.461538462
Drake,2015,1772,466,1.1,0.326633166
Drake,2015,2293,627,0.4,0.353909465
Drake,2015,1788,453,4.15,0.528610354
Drake,2015,2263,580,-3.05,0.443254818
Drake,2015,2606,685,-1.7,0.489757914
Drake,2015,1026,249,-0.35,0.396396396
Drake,2015,1957,497,-5.55,0.412322275
Drake,2015,2682,693,-4.55,0.481216458
Drake,2015,1848,439,-0.25,0.468571429
Drake,2015,1040,270,1,0.492610837
Drake,2015,4146,1037,0.45,0.427350427
Drake,2015,1646,410,0.5,0.418338109
Drake,2015,1861,483,-5.2,0.224299065
Drake,2015,2339,614,0,0.4
Drake,2015,3594,913,-0.25,0.397540984
Drake,2015,1872,475,-2.25,0.43989071
Drake,2015,4519,1177,2.45,0.44579646
Drake,2015,1676,429,-1.1,0.409470752
Drake,2015,3598,950,-9.8,0.359637775
Drake,2015,2860,717,-0.75,0.271157168
Drake,2015,2678,678,-3.85,0.41020794
Drake,2015,2839,784,-0.2,0.332720588
Drake,2015,2411,649,-4.9,0.354124748
Drake,2015,2270,578,3,0.267893661
Drake,2015,2266,581,-2.2,0.364224138
Drake,2015,2886,742,-1.1,0.243006993
Drake,2015,2623,660,0.85,0.433264887
Drake,2015,2868,738,-8.7,0.220713073
Drake,2015,3683,934,-4.45,0.481118881
Drake,2016,2571,640,2.7,0.372137405
Drake,2016,1755,444,2.5,0.417098446
Drake,2016,2867,715,-0.5,0.395
Drake,2016,1464,359,0.8,0.320634921
Drake,2016,2509,661,-1.65,0.409433962
Drake,2016,3770,960,11.25,0.470822281
Drake,2016,3416,862,3.4,0.353535354
Drake,2016,1307,334,-0.8,0.393258427
Drake,2016,2409,611,-1.35,0.345381526
Drake,2016,1837,467,2.85,0.361179361
Drake,2016,1966,506,0.3,0.379310345
Drake,2016,1906,487,4.4,0.288508557
Drake,2016,2951,743,0.3,0.345659164
Drake,2016,2740,671,5.3,0.330388693
Drake,2016,2044,514,-1.7,0.433333333
Drake,2016,2499,643,3.95,0.298892989
Drake,2016,331,86,2.55,0.5
Drake,2016,1607,453,2.35,0.370919881
Drake,2016,2969,765,-0.35,0.486970684
Drake,2016,2108,511,0.15,0.277904328
Drake,2017,2133,509,2.15,0.198294243
Drake,2017,3177,797,-4.65,0.383411581
Drake,2017,3616,913,2.5,0.462050599
Drake,2017,2241,563,1.95,0.325726141
Kanye,2004,320,87,3,0.746031746
Kanye,2004,3211,786,0.15,0.399688958
Kanye,2004,942,244,2.45,0.544041451
Kanye,2004,2439,614,4.25,0.501026694
Kanye,2004,547,154,1.9,0.403361345
Kanye,2004,3828,958,-3.05,0.396725441
Kanye,2004,2566,643,-10.9,0.451923077
Kanye,2004,4645,1183,14,0.447589099
Kanye,2004,4144,1044,-9.75,0.466507177
Kanye,2004,868,213,1.95,0.6
Kanye,2004,4012,1015,-0.55,0.381953028
Kanye,2004,3359,850,3.75,0.363247863
Kanye,2004,3435,849,-0.6,0.407355021
Kanye,2004,1307,337,7,0.535971223
Kanye,2004,1628,428,-2.55,0.518181818
Kanye,2004,732,180,1.65,0.493243243
Kanye,2004,678,175,2,0.607142857
Kanye,2004,3083,731,-4.95,0.506872852
Kanye,2004,3176,787,0.6,0.466360856
Kanye,2004,4015,978,13.3,0.357583231
Kanye,2004,12718,3268,15.75,0.263277693
Kanye,2005,701,186,1.9,0.544217687
Kanye,2005,2027,536,1.6,0.463476071
Kanye,2005,2775,706,2.4,0.435897436
Kanye,2005,2691,657,8,0.413854352
Kanye,2005,448,118,1.4,0.544554455
Kanye,2005,3533,892,0.5,0.453769559
Kanye,2005,990,252,-5.85,0.638190955
Kanye,2005,2502,671,-0.45,0.493303571
Kanye,2005,2166,536,2.6,0.484162896
Kanye,2005,1499,381,2.45,0.544871795
Kanye,2005,2353,618,-0.2,0.33805668
Kanye,2005,431,96,-0.15,0.186813187
Kanye,2005,2983,787,-1.25,0.505902192
Kanye,2005,2481,618,1.35,0.573440644
Kanye,2005,392,100,-0.9,0.623376623
Kanye,2005,2562,668,10.55,0.488593156
Kanye,2005,1570,396,2.7,0.398809524
Kanye,2005,1121,280,2.1,0.523148148
Kanye,2005,4826,1235,6.35,0.436436436
Kanye,2005,3553,956,-1.15,0.447674419
Kanye,2005,1998,501,-1.3,0.473557692
Kanye,2007,1508,381,-1.75,0.482269504
Kanye,2007,1892,482,3.65,0.429280397
Kanye,2007,2130,548,2.6,0.418013857
Kanye,2007,1540,378,1.35,0.420062696
Kanye,2007,2444,609,1.9,0.391221374
Kanye,2007,2027,520,-5.85,0.498817967
Kanye,2007,2527,658,-1.6,0.44015444
Kanye,2007,2498,585,2.5,0.338677355
Kanye,2007,1833,445,1.1,0.45915493
Kanye,2007,2333,628,0.15,0.407643312
Kanye,2007,3212,865,1.35,0.376790831
Kanye,2007,2567,647,1.7,0.351503759
Kanye,2007,3697,948,0.05,0.387261146
Kanye,2007,1861,472,7.2,0.384415584
Kanye,2007,2295,599,-11.65,0.401301518
Kanye,2007,2876,731,0.35,0.408333333
Kanye,2008,764,181,1.75,0.383233533
Kanye,2008,1203,313,2.5,0.371323529
Kanye,2008,1579,395,-1.3,0.489361702
Kanye,2008,1390,388,-3.65,0.449640288
Kanye,2008,1999,494,0.3,0.298122066
Kanye,2008,1935,485,-2.45,0.337595908
Kanye,2008,1925,488,-0.5,0.326829268
Kanye,2008,1186,290,2.05,0.188976378
Kanye,2008,901,221,1.65,0.389189189
Kanye,2008,2013,502,2.05,0.318289786
Kanye,2008,903,233,-0.3,0.261363636
Kanye,2008,2554,660,4.35,0.315018315
Kanye,2010,1622,423,-6.55,0.498567335
Kanye,2010,4357,1112,3.95,0.427437642
Kanye,2010,2518,655,-4.85,0.491631799
Kanye,2010,3245,810,-0.5,0.287713841
Kanye,2010,4306,1105,-13.95,0.458333333
Kanye,2010,5623,1445,-5.85,0.381255687
Kanye,2010,3309,840,-3.5,0.471841705
Kanye,2010,2960,759,2.1,0.308441558
Kanye,2010,2156,532,-9.15,0.459161148
Kanye,2010,4895,1226,-4.3,0.352701325
Kanye,2010,2950,757,-2.6,0.354621849
Kanye,2010,1254,335,2.75,0.643171806
Kanye,2010,4662,1191,7.5,0.326848249
Kanye,2011,2123,541,-5.1,0.471526196
Kanye,2011,2052,494,-3.3,0.250564334
Kanye,2011,2563,623,-8.15,0.441774492
Kanye,2011,2239,575,-0.5,0.611627907
Kanye,2011,1924,472,-1.45,0.432835821
Kanye,2011,2327,590,4.55,0.360465116
Kanye,2011,2661,661,4.2,0.458174905
Kanye,2011,1728,440,-10.2,0.525139665
Kanye,2011,3425,837,-6.2,0.397222222
Kanye,2011,3318,832,2.2,0.47439759
Kanye,2011,2289,NA,1.1,0.461893764
Kanye,2011,2465,NA,-4.8,0.451977401
Kanye,2011,2839,747,-4.1,0.45979021
Kanye,2011,2294,594,-5.6,0.485106383
Kanye,2011,1957,NA,5.4,0.463235294
Kanye,2011,2546,653,-0.45,0.532818533
Kanye,2012,2327,595,-1.65,0.338
Kanye,2012,3428,NA,-2.9,0.482168331
Kanye,2012,4123,NA,-4.05,0.391891892
Kanye,2012,3928,989,6.95,0.418275418
Kanye,2012,3359,843,-3.45,0.498498498
Kanye,2012,1860,487,0.45,0.513812155
Kanye,2012,3346,867,-10.1,0.417431193
Kanye,2012,2815,705,-4.2,0.504424779
Kanye,2012,3368,871,0.75,0.395683453
Kanye,2012,1795,444,-0.3,0.307692308
Kanye,2012,1443,362,9.3,0.468227425
Kanye,2012,3158,745,-5.55,0.394658754
Kanye,2013,1170,293,-0.95,0.578059072
Kanye,2013,2104,527,-7,0.371764706
Kanye,2013,1817,440,-3.55,0.48603352
Kanye,2013,2058,504,-3.6,0.444987775
Kanye,2013,1664,442,-8.25,0.448680352
Kanye,2013,2557,629,-0.25,0.490671642
Kanye,2013,2416,614,-7.85,0.427402863
Kanye,2013,1880,479,4,0.344578313
Kanye,2013,1641,399,-3.3,0.413597734
Kanye,2013,2197,557,-3.05,0.468899522
Kanye,2016,3584,899,1.75,0.379642366
Kanye,2016,1292,358,0.1,0.368421053
Kanye,2016,1524,391,-5.85,0.557755776
Kanye,2016,2351,600,-0.6,0.357001972
Kanye,2016,1899,485,-2.9,0.411471322
Kanye,2016,1208,311,6,0.403773585
Kanye,2016,2344,620,-1.15,0.376257545
Kanye,2016,1275,311,-5.65,0.465648855
Kanye,2016,631,172,2.75,0.525547445
Kanye,2016,999,253,-1.95,0.378995434
Kanye,2016,2027,519,1.45,0.370283019
Kanye,2016,2768,709,-1.45,0.410526316
Kanye,2016,1887,461,1.05,0.371352785
Kanye,2016,195,43,0.25,0.682926829
Kanye,2016,813,219,3.35,0.478527607
Kanye,2016,3342,824,1.35,0.439694656
Kanye,2016,6049,1563,-5.9,0.43729097
Kanye,2016,2555,674,0.1,0.469667319
Kanye,2016,1693,454,-0.85,0.246031746
Kanye,2016,4511,1156,5.45,0.424829157
Swift,2006,1755,415,1.5,0.331521739
Swift,2006,1154,289,-5.3,0.531818182
Swift,2006,1260,325,6.75,0.501858736
Swift,2006,872,224,0.55,0.419191919
Swift,2006,971,251,-2.8,0.50990099
Swift,2006,849,224,2.8,0.47311828
Swift,2006,753,190,4.1,0.585526316
Swift,2006,1151,305,4.1,0.493449782
Swift,2006,973,234,0.65,0.527638191
Swift,2006,1529,375,2.95,0.436363636
Swift,2006,1769,440,1.9,0.37398374
Swift,2006,1179,307,0.65,0.434262948
Swift,2006,990,263,4,0.401913876
Swift,2006,1167,290,1.65,0.308370044
Swift,2007,1528,384,2.15,0.301829268
Swift,2007,999,247,3.2,0.602150538
Swift,2007,887,237,2.65,0.519774011
Swift,2007,555,138,13.6,0.555555556
Swift,2007,1606,380,4.2,0.393333333
Swift,2007,500,118,3,0.397959184
Swift,2008,1794,448,3.75,0.319480519
Swift,2008,1535,388,2.15,0.24600639
Swift,2008,2043,511,2.25,0.288782816
Swift,2008,1071,255,0.15,0.34939759
Swift,2008,1372,341,4.2,0.401459854
Swift,2008,1789,449,-6.45,0.394101877
Swift,2008,1483,357,5.25,0.366242038
Swift,2008,1966,470,7.1,0.428211587
Swift,2008,1756,NA,1.55,0.386243386
Swift,2008,1637,NA,4.65,0.396501458
Swift,2008,1464,364,0.55,0.428571429
Swift,2008,1951,471,6.05,0.368686869
Swift,2008,1531,398,0.2,0.337349398
Swift,2008,1609,390,-0.55,0.31884058
Swift,2008,1323,336,1.55,0.379432624
Swift,2008,1674,417,1.25,0.354545455
Swift,2008,1990,495,2.25,0.298765432
Swift,2008,1587,394,8.2,0.488372093
Swift,2008,1392,340,1.05,0.430604982
Swift,2010,1971,510,-0.5,0.354460094
Swift,2010,1717,418,3.25,0.371757925
Swift,2010,2058,511,3.5,0.343529412
Swift,2010,1973,484,5.2,0.340909091
Swift,2010,1807,417,-5.95,0.446753247
Swift,2010,1883,491,-6.2,0.331670823
Swift,2010,2121,536,-3.95,0.351111111
Swift,2010,2134,541,3.9,0.350114416
Swift,2010,1895,480,2.95,0.375342466
Swift,2010,2457,598,-1.75,0.332657201
Swift,2010,1568,382,2.5,0.406451613
Swift,2010,1560,378,-2.8,0.323987539
Swift,2010,1885,460,2.8,0.366834171
Swift,2010,2186,515,-1.9,0.365079365
Swift,2010,1543,350,-0.05,0.449324324
Swift,2010,2081,501,0.65,0.318181818
Swift,2010,1775,459,3.55,0.338666667
Swift,2012,1191,300,0.85,0.430278884
Swift,2012,1559,394,4.5,0.45862069
Swift,2012,1353,331,0.4,0.361313869
Swift,2012,2671,678,-5.1,0.301587302
Swift,2012,2230,563,-1.2,0.433189655
Swift,2012,1986,490,2.75,0.256997455
Swift,2012,1238,329,-1.4,0.336956522
Swift,2012,1776,475,-0.05,0.31043956
Swift,2012,1567,379,0.95,0.3556231
Swift,2012,1478,374,-0.4,0.314285714
Swift,2012,1391,341,5.2,0.417508418
Swift,2012,974,NA,1.75,0.52173913
Swift,2012,1631,395,8.05,0.357541899
Swift,2012,2316,588,4.85,0.270152505
Swift,2012,1759,409,0.85,0.319148936
Swift,2012,1588,398,1.35,0.37797619
Swift,2012,1683,406,2.5,0.401759531
Swift,2012,1471,354,3.6,0.366559486
Swift,2012,2025,533,1.7,0.256038647
Swift,2014,1793,439,3.2,0.274052478
Swift,2014,2384,580,-3,0.363636364
Swift,2014,1752,420,0.65,0.329758713
Swift,2014,1255,321,1.95,0.412451362
Swift,2014,1860,462,1.85,0.191780822
Swift,2014,2702,649,-1.9,0.18974359
Swift,2014,2354,590,0.6,0.196296296
Swift,2014,2196,526,-1.25,0.235051546
Swift,2014,1683,430,2.55,0.335276968
Swift,2014,1493,372,-4.15,0.275541796
Swift,2014,1385,319,-1.1,0.331081081
Swift,2014,1379,320,-0.25,0.378006873
Swift,2014,1460,360,-3.1,0.372413793
Swift,2014,1992,502,1,0.333333333
Swift,2014,1692,390,-0.1,0.351800554
Swift,2014,2018,518,-0.2,0.307875895
